DATE,Location_Type,Event_Type,AWARDED,A.S. Advertisement Pass,Attendance_Ratio,Day_of_Week,log_Attendance_Ratio,log_AWARDED,Month
2024-09-24,Mandeville Auditorium,Social,587.24,No,0.4598,Tuesday,0.37829944003539484,6.377135027887967,2024-09
2024-09-24,Mandeville Auditorium,Social,1752.15,No,0.5422,Tuesday,0.4332099684167232,7.469169448858939,2024-09
2024-09-25,Price Center,Social,590.47,No,0.796,Wednesday,0.5855619698800079,6.382610963619958,2024-09
2024-09-26,Revelle,Social,407.3,No,1.5468,Thursday,0.9348376691607332,6.01200219832553,2024-09
2024-09-26,Price Center,Workshop,123.6,No,1.1327,Thursday,0.7573887826214101,4.825108606353353,2024-09
2024-09-27,Mandeville Auditorium,Social,4500.0,No,0.7756,Friday,0.5741383939777431,8.412054873292933,2024-09
2024-09-27,Revelle,GBM,163.18,No,0.3677,Friday,0.31313049690536837,5.10096338692012,2024-09
2024-09-27,SunGod,Social,3499.9,No,0.4457,Friday,0.3685936333322597,8.160775357279089,2024-09
2024-09-29,Price Center,Social,3066.22,No,0.6262,Sunday,0.4862460047916001,8.028526892875233,2024-09
2024-09-30,Price Center,Social,4499.66,No,0.6089,Monday,0.47555071567485213,8.411979331670574,2024-09
2024-09-30,Price Center,GBM,78.63,No,2.7979,Monday,1.3344482823962802,4.377390906269353,2024-09
2024-10-01,Mandeville Auditorium,Social,599.84,No,0.5668,Tuesday,0.4490353228095392,6.398328676129854,2024-10
2024-10-01,Price Center,Speaker,595.0,No,4.5882000000000005,Tuesday,1.7206572317349065,6.39024066706535,2024-10
2024-10-01,Revelle,GBM,163.18,No,0.4902999999999999,Tuesday,0.39897744197261,5.10096338692012,2024-10
2024-10-01,Pepper Canyon,Recruitment,600.0,No,2.5333,Tuesday,1.2622322784431474,6.398594934535208,2024-10
2024-10-01,Price Center,GBM,540.91,No,0.7395,Tuesday,0.5535977156098597,6.2950999359910265,2024-10
2024-10-01,SunGod,Social,213.99,No,1.8225,Tuesday,1.03762301704168,5.370591515418057,2024-10
2024-10-01,Price Center,GBM,129.92,No,7.312200000000001,Tuesday,2.117724315105141,4.87458644963298,2024-10
2024-10-01,Mandeville Auditorium,Recruitment,1291.0,No,0.6429,Tuesday,0.49646297293015407,7.163946684342547,2024-10
2024-10-02,Warren,Workshop,595.0,No,1.4286,Wednesday,0.8873149596375816,6.39024066706535,2024-10
2024-10-02,Price Center,Social,41.42,No,5.7943,Wednesday,1.9160840253722902,3.7476199491365363,2024-10
2024-10-02,Price Center,Social,216.58,No,2.1701,Wednesday,1.1537631331329579,5.382566598992937,2024-10
2024-10-02,Pepper Canyon,GBM,498.34,No,1.806,Wednesday,1.0317599816802692,6.213287226454776,2024-10
2024-10-02,Pepper Canyon,Social,206.88,No,1.8368,Wednesday,1.0426766563378065,5.336960990140241,2024-10
2024-10-02,Price Center,GBM,343.47,No,1.1064,Wednesday,0.7449803291999626,5.8420070039332,2024-10
2024-10-02,Warren,Workshop,227.08,No,0.2642,Wednesday,0.23443951105606128,5.429696444604416,2024-10
2024-10-02,Price Center,Social,322.98,No,0.0309999999999999,Wednesday,0.030529205034822777,5.780681785491992,2024-10
2024-10-02,Student Services Center,GBM,1845.76,No,0.9535,Wednesday,0.6696226355129883,7.521188031312286,2024-10
2024-10-03,Pepper Canyon,Recruitment,595.0,No,0.9748,Thursday,0.6804671274025708,6.39024066706535,2024-10
2024-10-03,Price Center,Speaker,582.57,No,1.0986,Thursday,0.7412704557416736,6.369164410255378,2024-10
2024-10-03,Warren,Workshop,91.74,No,2.8341000000000003,Thursday,1.3439347267037611,4.529799878963315,2024-10
2024-10-03,Warren,GBM,417.75,No,2.5613,Thursday,1.270125646745461,6.037274083139276,2024-10
2024-10-03,Price Center,GBM,279.87,No,2.2153,Thursday,1.1679206659334338,5.637891928833916,2024-10
2024-10-04,Price Center,Social,319.21,No,5.0437,Friday,1.7990164071759387,5.768977030555902,2024-10
2024-10-04,Warren,Workshop,595.0,No,1.7311,Friday,1.004704458445143,6.39024066706535,2024-10
2024-10-04,Mandeville Auditorium,GBM,120.0,No,10.0833,Friday,2.4054394709104336,4.795790545596741,2024-10
2024-10-04,Pepper Canyon,Recruitment,600.0,No,0.3667,Friday,0.31239907498861774,6.398594934535208,2024-10
2024-10-04,Warren,Workshop,135.35,No,2.512,Friday,1.2561856757728702,4.9152251092915975,2024-10
2024-10-04,Price Center,Social,184.91,No,1.7306,Friday,1.004521365268514,5.225262685642126,2024-10
2024-10-04,Warren,GBM,598.93,No,0.7513,Friday,0.5603583692964816,6.396812981743395,2024-10
2024-10-04,Price Center,GBM,100.0,No,2.7,Friday,1.308332819650179,4.61512051684126,2024-10
2024-10-04,Pepper Canyon,Social,275.71,No,0.9793,Friday,0.6827432468445523,5.622970026363907,2024-10
2024-10-04,Price Center,GBM,600.0,No,1.25,Friday,0.8109302162163288,6.398594934535208,2024-10
2024-10-04,SunGod,Recruitment,591.33,No,1.9617,Friday,1.085763427799198,6.384063912008693,2024-10
2024-10-04,Price Center,Social,80.0,No,1.75,Friday,1.0116009116784799,4.394449154672439,2024-10
2024-10-06,Mandeville Auditorium,Recruitment,296.31,No,1.0125,Sunday,0.6993777303105814,5.694775365496226,2024-10
2024-10-07,Pepper Canyon,GBM,328.64,No,1.7040000000000002,Monday,0.9947321581807177,5.798001149895183,2024-10
2024-10-07,Warren,Social,595.0,No,1.5294,Monday,0.927982120463739,6.39024066706535,2024-10
2024-10-07,Mandeville Auditorium,Social,597.2,No,2.495,Monday,1.2513333756857736,6.393925146195848,2024-10
2024-10-08,Mandeville Auditorium,GBM,1925.0,No,1.3766,Tuesday,0.8656708948737889,7.563200592358071,2024-10
2024-10-08,Price Center,GBM,352.0,No,2.2443,Tuesday,1.1768996103990024,5.8664680569332965,2024-10
2024-10-08,Price Center,GBM,350.0,No,1.3143,Tuesday,0.8391072660034794,5.860786223465865,2024-10
2024-10-08,Warren,Workshop,152.03,No,1.9733,Tuesday,1.0896724470986354,5.0306339806029445,2024-10
2024-10-08,Price Center,Social,339.41,No,0.5303,Tuesday,0.4254637946148535,5.830150773471008,2024-10
2024-10-09,Price Center,GBM,338.07,No,1.6269,Wednesday,0.965804443743616,5.826206575739908,2024-10
2024-10-09,Pepper Canyon,Social,595.0,No,1.8151,Wednesday,1.0349977849393777,6.39024066706535,2024-10
2024-10-09,Price Center,GBM,320.3,No,7.430499999999999,Wednesday,2.131856082235898,5.772375266121813,2024-10
2024-10-09,Price Center,GBM,216.58,No,1.2005,Wednesday,0.788684607269009,5.382566598992937,2024-10
2024-10-09,Price Center,GBM,115.21,No,3.1247,Wednesday,1.4169932898691606,4.755398899234782,2024-10
2024-10-09,Pepper Canyon,GBM,349.11,No,1.8905,Wednesday,1.0614294975403937,5.858247390820336,2024-10
2024-10-09,Price Center,GBM,170.0,No,0.8824,Wednesday,0.6325475584310156,5.14166355650266,2024-10
2024-10-09,Price Center,GBM,344.01,No,0.7558,Wednesday,0.5629245935099714,5.843573402118534,2024-10
2024-10-09,Price Center,Social,241.94,No,1.488,Wednesday,0.911479174876933,5.492814499272125,2024-10
2024-10-09,Muir,Workshop,600.0,No,0.7167,Wednesday,0.5404038432947464,6.398594934535208,2024-10
2024-10-09,Warren,Workshop,227.79,No,0.4829,Wednesday,0.39399962999888627,5.432804552256789,2024-10
2024-10-10,Revelle,GBM,163.27,No,1.9599,Thursday,1.0851554839815003,5.101511415553109,2024-10
2024-10-10,Price Center,GBM,82.88,No,6.998099999999999,Thursday,2.0792040134722445,4.429387206033719,2024-10
2024-10-10,Pepper Canyon,Workshop,595.0,No,0.5546,Thursday,0.4412182778139822,6.39024066706535,2024-10
2024-10-10,Price Center,GBM,1814.99,No,0.8154,Thursday,0.5963058291103898,7.504386052538147,2024-10
2024-10-10,SunGod,Social,344.8,No,0.609,Thursday,0.47561286801024616,5.84586057324919,2024-10
2024-10-10,Price Center,GBM,350.0,No,0.0285999999999999,Thursday,0.028198654358678677,5.860786223465865,2024-10
2024-10-10,Price Center,Recruitment,296.31,No,0.0337,Thursday,0.033144598592302024,5.694775365496226,2024-10
2024-10-10,Warren,GBM,296.31,No,0.9112,Thursday,0.6477313170294627,5.694775365496226,2024-10
2024-10-10,Warren,GBM,199.34,No,0.4013,Thursday,0.337400377194035,5.300015923183619,2024-10
2024-10-10,Pepper Canyon,Social,291.87,No,0.7538,Thursday,0.5617848623631182,5.679728824552481,2024-10
2024-10-10,Price Center,Workshop,123.6,No,0.9709,Thursday,0.6784902912163117,4.825108606353353,2024-10
2024-10-11,Pepper Canyon,Social,600.0,No,1.7167,Friday,0.9994179084480368,6.398594934535208,2024-10
2024-10-11,Pepper Canyon,GBM,600.0,No,0.0167,Friday,0.016562088298978293,6.398594934535208,2024-10
2024-10-11,Warren,Social,597.75,No,1.5391,Friday,0.9318096875318255,6.394844148725125,2024-10
2024-10-11,Warren,Workshop,313.99,No,0.5732999999999999,Friday,0.4531753242642405,5.7525408922899715,2024-10
2024-10-11,Warren,Competition,302.78,No,0.4624,Friday,0.3800789217177485,5.716303755209872,2024-10
2024-10-11,Price Center,GBM,397.0,No,1.4358,Friday,0.890275244670873,5.986452005284438,2024-10
2024-10-11,Price Center,GBM,174.65,No,2.6911,Friday,1.3059245166096003,5.168493378711836,2024-10
2024-10-11,Price Center,GBM,198.37,No,0.857,Friday,0.6189622823705687,5.295162394854735,2024-10
2024-10-11,Price Center,GBM,471.99,No,1.7161,Friday,0.9991970278699043,6.159074246619396,2024-10
2024-10-11,Warren,GBM,225.36,No,0.0443999999999999,Friday,0.043442557842836634,5.422126652274323,2024-10
2024-10-11,SunGod,Social,190.93,No,0.3665999999999999,Friday,0.3123259033645408,5.257130722217787,2024-10
2024-10-11,Price Center,Competition,275.0,No,0.1090999999999999,Friday,0.10354887562855879,5.62040086571715,2024-10
2024-10-11,Warren,Workshop,314.82,No,1.6517,Friday,0.9752009437528749,5.755172431038497,2024-10
2024-10-12,Price Center,Social,3831.0,No,1.0572,Saturday,0.721345834918624,8.251142139090751,2024-10
2024-10-14,Warren,GBM,270.45,No,0.4067,Monday,0.34124653578151326,5.60377796035146,2024-10
2024-10-14,Price Center,Recruitment,543.06,No,1.0496,Monday,0.7176446521603328,6.299059534891641,2024-10
2024-10-14,Price Center,GBM,1780.71,No,0.4212,Monday,0.35150158516473495,7.485328856291337,2024-10
2024-10-14,Price Center,Social,484.57,No,1.135,Monday,0.7584666466805878,6.185323458594698,2024-10
2024-10-14,SunGod,Social,405.5,No,1.0604,Monday,0.7229001387092931,6.007583928987866,2024-10
2024-10-15,Price Center,GBM,266.03,No,0.0376,Tuesday,0.036910354020097076,5.58736101163895,2024-10
2024-10-15,Price Center,GBM,600.0,No,1.4667,Tuesday,0.9028812249642212,6.398594934535208,2024-10
2024-10-15,Price Center,GBM,595.0,No,2.3529,Tuesday,1.2098256430011713,6.39024066706535,2024-10
2024-10-15,Price Center,Social,349.43,No,1.0875,Tuesday,0.7359671777428735,5.859160971835714,2024-10
2024-10-15,Warren,Workshop,595.0,No,0.9916,Tuesday,0.6889383357858906,6.39024066706535,2024-10
2024-10-15,Revelle,Recruitment,307.09,No,3.1912000000000003,Tuesday,1.432987089111873,5.7303919480814,2024-10
2024-10-15,Pepper Canyon,Workshop,211.08,No,0.9001,Tuesday,0.6419065163663492,5.35696356198077,2024-10
2024-10-15,Mandeville Auditorium,Religion,599.09,No,0.4173,Tuesday,0.34875365319072266,6.397079643967271,2024-10
2024-10-15,Price Center,GBM,351.0,No,1.396,Tuesday,0.8738006802532029,5.863631175598097,2024-10
2024-10-15,Mandeville Auditorium,GBM,120.0,No,12.75,Tuesday,2.6210388241125804,4.795790545596741,2024-10
2024-10-15,Price Center,Social,284.0,No,1.0915,Tuesday,0.737881511900116,5.652489180268651,2024-10
2024-10-16,Revelle,GBM,599.99,No,0.35,Wednesday,0.30010459245033805,6.398578295461671,2024-10
2024-10-16,Pepper Canyon,GBM,349.11,No,1.3749,Wednesday,0.8649553313369952,5.858247390820336,2024-10
2024-10-16,Price Center,GBM,600.0,No,1.3333,Wednesday,0.8472835745708761,6.398594934535208,2024-10
2024-10-16,Warren,Workshop,344.8,No,0.8411,Wednesday,0.610363219081024,5.84586057324919,2024-10
2024-10-16,Price Center,Speaker,86.25,Yes,3.7101,Wednesday,1.5497091392254483,4.468777561082536,2024-10
2024-10-16,Price Center,Social,187.38,Yes,1.3342,Wednesday,0.8476692199961162,5.238461199394671,2024-10
2024-10-16,Price Center,Workshop,303.5,No,0.9885,Wednesday,0.6873805856656083,5.718671087149952,2024-10
2024-10-16,Warren,Workshop,277.79,No,0.072,Wednesday,0.06952606264861023,5.630458810237358,2024-10
2024-10-17,Revelle,GBM,163.18,Yes,0.9192,Thursday,0.6519084325433477,5.10096338692012,2024-10
2024-10-17,Price Center,GBM,348.01,No,0.0287,Thursday,0.028295869154847303,5.855100575087058,2024-10
2024-10-17,Price Center,Social,343.8,No,0.8144,Thursday,0.5957548345512959,5.842964538789538,2024-10
2024-10-17,Price Center,Social,338.07,No,0.6212,Thursday,0.4831666157720164,5.826206575739908,2024-10
2024-10-17,Price Center,Speaker,595.0,No,0.7059,Thursday,0.5340928307043368,6.39024066706535,2024-10
2024-10-17,Warren,Workshop,178.05,No,0.8425,Thursday,0.6111233450813547,5.187665096444442,2024-10
2024-10-17,Warren,Workshop,97.24,No,1.6454,Thursday,0.9728222826098099,4.587413464398832,2024-10
2024-10-17,Price Center,Speaker,172.4,No,0.9861,Thursday,0.6861729168226088,5.155601064346442,2024-10
2024-10-17,Pepper Canyon,GBM,191.79,No,1.5642,Thursday,0.9416465391364632,5.261601513611377,2024-10
2024-10-17,Mandeville Auditorium,GBM,560.3,No,0.6068,Thursday,0.47424462350299007,6.330255521948153,2024-10
2024-10-18,Pepper Canyon,GBM,156.24,No,1.6001,Friday,0.955549905826272,5.057773300553659,2024-10
2024-10-18,Pepper Canyon,Social,521.49,No,0.2876000000000001,Friday,0.25278002044251613,6.2586058448998365,2024-10
2024-10-18,Price Center,Social,350.0,No,0.6286,Friday,0.4877207500508939,5.860786223465865,2024-10
2024-10-18,Price Center,Social,147.5,No,2.1017,Friday,1.1319503482786202,5.000584958242754,2024-10
2024-10-19,Mandeville Auditorium,Social,2000.0,No,1.6,Saturday,0.9555114450274365,7.601402334583733,2024-10
2024-10-21,Pepper Canyon,Recruitment,316.0,No,0.6961999999999999,Monday,0.5283904549454626,5.75890177387728,2024-10
2024-10-21,Price Center,Social,597.2,No,2.428,Monday,1.2319770007355333,6.393925146195848,2024-10
2024-10-22,Price Center,Social,350.0,No,1.7143000000000002,Tuesday,0.9985340932551716,5.860786223465865,2024-10
2024-10-22,Price Center,Recruitment,543.06,No,0.4418999999999999,Tuesday,0.36596168833046416,6.299059534891641,2024-10
2024-10-22,Warren,Recruitment,453.12,No,2.6704,Tuesday,1.3003006479529144,6.118361480296333,2024-10
2024-10-22,Pepper Canyon,Recruitment,378.63,No,1.2149,Tuesday,0.7952072557510925,5.939197094171505,2024-10
2024-10-23,Price Center,GBM,214.42,No,1.9121,Wednesday,1.0688744704041533,5.372589610922624,2024-10
2024-10-23,Price Center,Social,41.42,Yes,4.1043,Wednesday,1.6300833217446304,3.7476199491365363,2024-10
2024-10-23,Pepper Canyon,GBM,349.11,Yes,1.4036,Wednesday,0.8769676134776359,5.858247390820336,2024-10
2024-10-23,Price Center,Speaker,92.5,Yes,2.5946,Wednesday,1.279432719335797,4.537961436294641,2024-10
2024-10-23,Price Center,Workshop,258.6,Yes,1.2761,Wednesday,0.8224634520300018,5.559141984829935,2024-10
2024-10-23,Price Center,GBM,298.14,No,0.6708000000000001,Wednesday,0.5133025536408833,5.70091169123118,2024-10
2024-10-24,Price Center,Social,350.0,No,1.0286,Thursday,0.7073458999597583,5.860786223465865,2024-10
2024-10-24,Revelle,GBM,163.18,Yes,0.8579,Thursday,0.6194468176299879,5.10096338692012,2024-10
2024-10-24,Mandeville Auditorium,GBM,350.0,Yes,0.7429,Thursday,0.5555503925454989,5.860786223465865,2024-10
2024-10-24,Warren,Workshop,231.27,Yes,0.4756,Thursday,0.3890646867403835,5.447900488087526,2024-10
2024-10-24,Pepper Canyon,Workshop,339.99,No,0.5,Thursday,0.4054651081081644,5.831853151340319,2024-10
2024-10-24,Price Center,Speaker,2280.71,No,0.1095999999999999,Thursday,0.10399959001848469,7.732680440839032,2024-10
2024-10-24,Pepper Canyon,GBM,191.79,No,1.9292,Thursday,1.0747293482047777,5.261601513611377,2024-10
2024-10-24,Price Center,Speaker,570.0,No,0.7368,Thursday,0.552044339581945,6.3473892096560105,2024-10
2024-10-24,Warren,Workshop,598.75,Yes,0.3340000000000001,Thursday,0.288181947493432,6.396512901719804,2024-10
2024-10-25,Price Center,Social,147.5,Yes,0.7458,Friday,0.5572129033191123,5.000584958242754,2024-10
2024-10-27,Price Center,Recruitment,2899.27,Yes,0.9071,Sunday,0.6455837636283357,7.972559115088984,2024-10
2024-10-27,Price Center,Social,2409.95,No,2.083,Sunday,1.1259031489040134,7.78777613968326,2024-10
2024-10-28,Warren,Speaker,344.8,Yes,0.7831,Monday,0.5783534225578639,5.84586057324919,2024-10
2024-10-28,Pepper Canyon,Social,192.46,No,1.0911,Monday,0.7376902433106169,5.265070772754401,2024-10
2024-10-28,Warren,Social,42.89,No,4.4299,Monday,1.6919207175700022,3.7816865037001426,2024-10
2024-10-28,Pepper Canyon,Other,281.79,No,0.9582,Monday,0.6720256839378339,5.64470457271829,2024-10
2024-10-29,Warren,GBM,470.27,No,0.8718,Tuesday,0.626900534741019,6.155431178179958,2024-10
2024-10-29,Mandeville Auditorium,GBM,595.0,Yes,0.9412,Tuesday,0.6633063385489241,6.39024066706535,2024-10
2024-10-29,Warren,Workshop,595.0,Yes,0.7395,Tuesday,0.5535977156098597,6.39024066706535,2024-10
2024-10-29,Pepper Canyon,Social,255.84,Yes,1.0553,Tuesday,0.720421822694826,5.548453322925847,2024-10
2024-10-30,Revelle,GBM,599.99,Yes,0.4667,Wednesday,0.3830149792705725,6.398578295461671,2024-10
2024-10-30,Price Center,Recruitment,242.5,Yes,1.0309,Wednesday,0.7084790445569269,5.495116942522644,2024-10
2024-10-30,Mandeville Auditorium,Speaker,296.31,No,0.7087,Wednesday,0.5357328474720906,5.694775365496226,2024-10
2024-10-30,Price Center,GBM,573.69,Yes,2.2137,Wednesday,1.1674229213283525,6.353830764979499,2024-10
2024-10-30,Pepper Canyon,GBM,349.11,Yes,1.0885,Wednesday,0.736446104955093,5.858247390820336,2024-10
2024-10-30,Price Center,Religion,1154.71,Yes,0.9526,Wednesday,0.6691618178094341,7.052470152708519,2024-10
2024-10-30,Mandeville Auditorium,Religion,209.79,No,1.3823,Wednesday,0.8680664075871379,5.350862377211803,2024-10
2024-10-31,Price Center,Religion,2000.0,No,0.645,Thursday,0.49774038421733524,7.601402334583733,2024-10
2024-10-31,North Campus,Social,600.0,Yes,2.15,Thursday,1.1474024528375417,6.398594934535208,2024-10
2024-10-31,Pepper Canyon,GBM,191.49,No,0.1043999999999999,Thursday,0.09930220107386221,5.260044204326544,2024-10
2024-10-31,Price Center,Social,573.45,Yes,1.273,Thursday,0.8211005448704061,6.353413061299374,2024-10
2024-11-02,Price Center,Social,6412.7,Yes,0.8779,Saturday,0.6301541312320236,8.766191606474472,2024-11
2024-11-02,North Campus,Workshop,200.0,No,0.0999999999999999,Saturday,0.09531017980432477,5.303304908059076,2024-11
2024-11-04,Price Center,Workshop,334.56,Yes,1.0462,Monday,0.7159844144627026,5.815800777978094,2024-11
2024-11-04,Price Center,Social,246.49,No,0.8925,Monday,0.6378987063294668,5.5113701771520756,2024-11
2024-11-05,Wong-Avery,Social,365.11,Yes,0.4656,Tuesday,0.3822647149377288,5.902933834694418,2024-11
2024-11-05,Warren,Speaker,296.31,Yes,1.0125,Tuesday,0.6993777303105814,5.694775365496226,2024-11
2024-11-05,Price Center,GBM,386.0,No,1.114,Tuesday,0.748581887448046,5.958424693029782,2024-11
2024-11-06,Price Center,GBM,115.21,No,1.4756,Wednesday,0.9064827908830694,4.755398899234782,2024-11
2024-11-06,Pepper Canyon,GBM,300.0,Yes,1.2667,Wednesday,0.8183250292881739,5.707110264748875,2024-11
2024-11-06,Price Center,GBM,336.89,No,0.9202,Wednesday,0.6524293472813864,5.822720398727715,2024-11
2024-11-07,Price Center,Workshop,250.78,Yes,0.7975,Thursday,0.5863968106130647,5.528555690338113,2024-11
2024-11-07,Pepper Canyon,Workshop,234.59,Yes,0.9378,Thursday,0.6615533089687666,5.462093006054893,2024-11
2024-11-07,Price Center,GBM,199.47,No,0.0501,Thursday,0.04888539772981063,5.300664609616385,2024-11
2024-11-08,Price Center,Social,1290.18,No,0.3255,Friday,0.2817897467469432,7.163311807928559,2024-11
2024-11-08,Price Center,GBM,348.0,No,0.6609,Friday,0.5073596241228161,5.855071922202427,2024-11
2024-11-12,Warren,Speaker,125.49,Yes,0.9563,Tuesday,0.6710549340851293,4.84016325365945,2024-11
2024-11-12,Price Center,GBM,300.0,No,0.3667,Tuesday,0.31239907498861774,5.707110264748875,2024-11
2024-11-12,Warren,Social,307.09,No,0.8141,Tuesday,0.5955894769651399,5.7303919480814,2024-11
2024-11-13,Price Center,Social,216.58,Yes,1.5236999999999998,Wednesday,0.9257260786606402,5.382566598992937,2024-11
2024-11-13,Pepper Canyon,GBM,300.0,Yes,1.3333,Wednesday,0.8472835745708761,5.707110264748875,2024-11
2024-11-13,Price Center,Social,58.5,No,2.3932,Wednesday,1.2217734289514426,4.085976312551584,2024-11
2024-11-13,Price Center,GBM,597.84,No,0.3345,Wednesday,0.28855668986244176,6.394994450581636,2024-11
2024-11-14,Revelle,GBM,163.18,No,0.2451000000000001,Thursday,0.21921584797622987,5.10096338692012,2024-11
2024-11-14,Price Center,GBM,688.37,No,0.6682,Thursday,0.5117452008253744,6.535778137034955,2024-11
2024-11-14,SunGod,Social,10.57,No,17.0293,Thursday,2.8919982122796286,2.448415541205585,2024-11
2024-11-14,Warren,GBM,597.9,No,0.9533,Thursday,0.669520249928789,6.395094639270416,2024-11
2024-11-14,Price Center,Social,400.0,No,1.525,Thursday,0.9262410627273231,5.993961427306569,2024-11
2024-11-15,Revelle,GBM,333.0,No,1.1712,Friday,0.7752800100984677,5.8111409929767,2024-11
2024-11-15,Price Center,Workshop,85.72,No,1.6332,Friday,0.9681998366115846,4.462684537691336,2024-11
2024-11-15,Warren,Social,550.0,No,1.1273,Friday,0.7548535699959236,6.311734809152915,2024-11
2024-11-16,Mandeville Auditorium,Social,800.0,No,0.4375,Saturday,0.3629054936893685,6.68586094706836,2024-11
2024-11-18,Pepper Canyon,Workshop,171.86,No,1.1056,Monday,0.744600462148861,5.152482018324492,2024-11
2024-11-18,Mandeville Auditorium,Social,597.2,No,1.9089,Monday,1.0677750028479416,6.393925146195848,2024-11
2024-11-18,Mandeville Auditorium,Social,800.0,No,0.7125,Monday,0.5379542911542433,6.68586094706836,2024-11
2024-11-19,Price Center,GBM,199.47,No,1.504,Tuesday,0.9178894532378521,5.300664609616385,2024-11
2024-11-19,Warren,GBM,216.58,No,1.8931,Tuesday,1.062328591590863,5.382566598992937,2024-11
2024-11-19,Price Center,Social,41.42,No,4.3457,Tuesday,1.6762924994193416,3.7476199491365363,2024-11
2024-11-19,Price Center,Recruitment,504.4,No,2.8549,Tuesday,1.3493450663416122,6.2253501949540935,2024-11
2024-11-19,North Campus,Social,426.51,No,0.5627,Tuesday,0.44641509443711846,6.057977679916096,2024-11
2024-11-20,Wong-Avery,Social,557.0,No,0.3231999999999999,Wednesday,0.2800530452872897,6.324358962381311,2024-11
2024-11-20,Pepper Canyon,GBM,300.0,No,1.4,Wednesday,0.8754687373538999,5.707110264748875,2024-11
2024-11-20,Price Center,Social,89.48,No,1.4528,Wednesday,0.8972302291354126,4.505128831807865,2024-11
2024-11-20,Price Center,GBM,773.91,No,1.7056,Wednesday,0.9953236991621788,6.652746893577591,2024-11
2024-11-20,Warren,Speaker,280.0,No,0.9643,Wednesday,0.6751359477580936,5.638354669333745,2024-11
2024-11-20,Online,GBM,180.0,No,0.7222,Wednesday,0.5436025432799277,5.198497031265826,2024-11
2024-11-20,Price Center,Social,180.75,No,1.6598000000000002,Wednesday,0.9782509319969259,5.202632116413628,2024-11
2024-11-21,Warren,Social,275.0,No,0.8364,Thursday,0.6078071333929299,5.62040086571715,2024-11
2024-11-21,Revelle,GBM,163.18,No,0.1226,Thursday,0.11564742352596188,5.10096338692012,2024-11
2024-11-21,Price Center,Social,600.0,No,1.1667,Thursday,0.7732052727305244,6.398594934535208,2024-11
2024-11-21,Mandeville Auditorium,GBM,109.14,No,1.9241,Thursday,1.072986741029137,4.7017522838343355,2024-11
2024-11-21,Price Center,GBM,172.4,No,1.2181,Thursday,0.7966509735746066,5.155601064346442,2024-11
2024-11-21,Price Center,Social,395.72,No,1.2635,Thursday,0.8169122878938763,5.983230742180878,2024-11
2024-11-21,Price Center,Workshop,397.64,No,0.8299,Thursday,0.6042613205515044,5.988058753973149,2024-11
2024-11-21,Price Center,GBM,1192.92,No,0.7209,Thursday,0.5428474097887283,7.084997290032793,2024-11
2024-11-21,Price Center,Social,282.25,No,0.8149,Thursday,0.5960303697802178,5.646329899908116,2024-11
2024-11-21,Warren,GBM,517.09,No,1.4891,Thursday,0.9119211993562123,6.250148972341283,2024-11
2024-11-21,Warren,GBM,550.0,No,0.7455,Thursday,0.5570410475629537,6.311734809152915,2024-11
2024-11-21,Pepper Canyon,Social,277.13,No,0.5052000000000001,Thursday,0.4089257797371452,5.628088630287,2024-11
2024-11-22,Price Center,Social,272.36,No,0.1835999999999999,Friday,0.16856064154391745,5.610789607807036,2024-11
2024-11-22,Warren,GBM,244.27,No,0.9006000000000001,Friday,0.6421696257950779,5.502359644559846,2024-11
2024-11-22,Library Walk,Social,2501.55,No,0.6195999999999999,Friday,0.482179205175869,7.825065491009758,2024-11
2024-11-22,Price Center,Social,253.85,No,1.1818,Friday,0.7801502241815192,5.54067513678605,2024-11
2024-11-22,SunGod,Social,1076.62,No,0.2508,Friday,0.2237833466015492,6.982510184686359,2024-11
2024-11-22,Warren,Workshop,201.91,No,0.0494999999999999,Friday,0.04831386027855053,5.3127625309795325,2024-11
2024-11-22,Price Center,Social,484.88,No,1.1343,Friday,0.7581387240673854,6.1859616798320705,2024-11
2024-11-23,Theater District,Social,100.0,No,2.4,Saturday,1.2237754316221157,4.61512051684126,2024-11
2024-11-24,Price Center,Social,482.5,No,1.6995,Sunday,0.9930665706762046,6.181051314893349,2024-11
2024-11-25,Pepper Canyon,GBM,650.0,No,1.1385,Monday,0.7601046486848263,6.478509642208569,2024-11
2024-11-26,Pepper Canyon,Speaker,401.58,No,0.0746999999999999,Tuesday,0.07204155286497047,5.997893834872886,2024-11
2024-11-26,Pepper Canyon,GBM,400.0,No,0.175,Tuesday,0.16126814759612226,5.993961427306569,2024-11
2024-11-26,Pepper Canyon,Social,510.74,No,0.9398,Tuesday,0.6625848749773053,6.237816683559073,2024-11
2024-11-26,Warren,Recruitment,404.67,No,1.5568,Tuesday,0.9387564765898184,6.0055400212125285,2024-11
2024-11-26,Price Center,GBM,388.98,No,0.6684000000000001,Tuesday,0.5118650833406532,5.966095455757441,2024-11
2024-11-27,Price Center,Social,301.67,No,0.6960999999999999,Wednesday,0.5283314978956563,5.712643103088397,2024-11
2024-12-02,Price Center,Social,340.0,No,1.1765,Monday,0.7777180820102152,5.831882477283517,2024-12
2024-12-02,Warren,Workshop,280.0,No,0.4286,Monday,0.356694943738735,5.638354669333745,2024-12
2024-12-02,Mandeville Auditorium,Social,97.99,No,1.3267,Monday,0.8444509546511104,4.595018834931716,2024-12
2024-12-02,North Campus,GBM,226.29,No,1.0164,Monday,0.7013137432263387,5.426226735170068,2024-12
2024-12-02,Price Center,Social,641.03,No,1.6536,Monday,0.9759172086507055,6.464635031570159,2024-12
2024-12-03,Price Center,Recruitment,490.26,No,0.8771,Tuesday,0.6297280326902904,6.196973519210382,2024-12
2024-12-04,Pepper Canyon,Social,300.0,No,1.1667,Wednesday,0.7732052727305244,5.707110264748875,2024-12
2024-12-04,Revelle,GBM,451.0,No,0.51,Wednesday,0.412109650826833,6.113682179832232,2024-12
2024-12-04,Price Center,Recruitment,240.0,No,9.0,Wednesday,2.302585092994046,5.484796933490655,2024-12
2024-12-04,Pepper Canyon,Social,281.19,No,0.5334000000000001,Wednesday,0.4274874921426571,5.642580602929757,2024-12
2024-12-04,Price Center,Social,200.0,No,0.05,Wednesday,0.04879016416943201,5.303304908059076,2024-12
2024-12-04,Price Center,Social,390.0,No,1.0769,Wednesday,0.7308763973699524,5.968707559985366,2024-12
2024-12-04,Pepper Canyon,Social,258.6,No,1.0828,Wednesday,0.733713142306607,5.559141984829935,2024-12
2024-12-05,Price Center,Competition,264.94,No,0.9059,Thursday,0.6449543379584602,5.58327071942856,2024-12
2024-12-05,Revelle,GBM,163.18,No,0.8579,Thursday,0.6194468176299879,5.10096338692012,2024-12
2024-12-05,Price Center,Social,384.0,No,0.8332999999999999,Thursday,0.6061176215868425,5.953243334287785,2024-12
2024-12-05,Mandeville Auditorium,Social,449.48,No,0.7342,Thursday,0.550546211960923,6.110313680946363,2024-12
2024-12-05,Mandeville Auditorium,Religion,559.23,No,0.5006999999999999,Thursday,0.4059316659198068,6.328347413694884,2024-12
2024-12-05,Warren,Social,53.75,No,4.2791,Thursday,1.6637556286436883,4.00277736869661,2024-12
2024-12-05,Price Center,Social,396.77,No,0.5797,Thursday,0.45723495559291444,5.985873948794737,2024-12
2024-12-06,Price Center,Social,525.0,No,0.7048,Friday,0.5334478018022704,6.26530121273771,2024-12
2024-12-06,Pepper Canyon,Social,195.0,No,0.1026,Friday,0.09767102717344615,5.278114659230518,2024-12
2024-12-06,Price Center,GBM,351.24,No,0.6548,Friday,0.5036801556051194,5.864312761447499,2024-12
2024-12-06,Price Center,Social,246.75,No,0.9726,Friday,0.6793524695377561,5.5124201732100975,2024-12
2024-12-07,Muir,Social,346.42,No,0.7217,Saturday,0.5433121748002896,5.850534422673777,2024-12
2025-01-06,Price Center,Religion,350.0,No,1.4286,Monday,0.8873149596375816,5.860786223465865,2025-01
2025-01-06,Price Center,Social,641.03,No,2.0436,Monday,1.1130410253202307,6.464635031570159,2025-01
2025-01-07,Mandeville Auditorium,GBM,400.0,No,0.7,Tuesday,0.5306282510621704,5.993961427306569,2025-01
2025-01-07,Warren,Social,4000.0,No,0.5700000000000001,Tuesday,0.45107561936021673,8.294299608857235,2025-01
2025-01-07,Price Center,Competition,37.66,Yes,5.3107,Tuesday,1.8422466054240587,3.654805473780185,2025-01
2025-01-08,Price Center,GBM,182.4,Yes,0.1644999999999999,Wednesday,0.15229181034225855,5.211669559822364,2025-01
2025-01-08,Pepper Canyon,GBM,300.0,Yes,0.7667,Wednesday,0.5691133996364978,5.707110264748875,2025-01
2025-01-08,Warren,GBM,774.52,Yes,0.4132,Wednesday,0.34585663650285314,6.653533772097066,2025-01
2025-01-08,Price Center,Social,210.0,Yes,1.1429,Wednesday,0.7621600518468994,5.351858133476067,2025-01
2025-01-08,Price Center,GBM,1038.23,Yes,2.3116,Wednesday,1.1974314562825137,6.946235333299984,2025-01
2025-01-09,Pepper Canyon,Social,189.61,Yes,1.3185,Thursday,0.8409204248493785,5.250229455740982,2025-01
2025-01-09,Price Center,Social,398.88,No,0.3259000000000001,Thursday,0.2820914741385361,5.99116450209898,2025-01
2025-01-09,Price Center,GBM,323.84,Yes,0.6793,Thursday,0.5183770399188252,5.78333275341421,2025-01
2025-01-09,Warren,GBM,371.8,Yes,1.9903,Thursday,1.0953737168175914,5.921042082811436,2025-01
2025-01-09,Price Center,Competition,500.0,No,0.4,Thursday,0.33647223662121295,6.2166061010848646,2025-01
2025-01-09,Price Center,GBM,600.0,Yes,0.7667,Thursday,0.5691133996364978,6.398594934535208,2025-01
2025-01-09,Warren,Recruitment,259.57,No,1.6181,Thursday,0.9624488638552383,5.562871539107794,2025-01
2025-01-10,Price Center,GBM,210.0,Yes,1.3333,Friday,0.8472835745708761,5.351858133476067,2025-01
2025-01-10,Price Center,Social,210.65,Yes,0.7596,Friday,0.5650865104924276,5.354933966966933,2025-01
2025-01-10,Price Center,Social,149.54,Yes,1.6718000000000002,Friday,0.9827524025735748,5.0142288296063855,2025-01
2025-01-10,Warren,GBM,386.3,Yes,0.5953999999999999,Friday,0.467124488494892,5.959199586520707,2025-01
2025-01-10,Pepper Canyon,GBM,319.76,Yes,4.1906,Friday,1.6468492974322466,5.770693179938828,2025-01
2025-01-13,Price Center,GBM,333.13,Yes,3.5422,Monday,1.5134114761793558,5.811530138806526,2025-01
2025-01-13,Pepper Canyon,GBM,344.8,Yes,1.0151,Monday,0.7006688219587914,5.84586057324919,2025-01
2025-01-13,Warren,GBM,299.55,No,2.003,Monday,1.0996117890011932,5.705614129485171,2025-01
2025-01-13,Price Center,GBM,196.43,Yes,0.8145,Monday,0.5958099476709879,5.285384091136137,2025-01
2025-01-14,Warren,GBM,510.74,Yes,0.4895,Tuesday,0.3984404931711999,6.237816683559073,2025-01
2025-01-14,Warren,GBM,537.94,Yes,0.7807999999999999,Tuesday,0.5770627015391433,6.289604247458597,2025-01
2025-01-14,Price Center,Speaker,393.29,No,0.9408,Tuesday,0.6631002592076486,5.977086679162026,2025-01
2025-01-14,Warren,Social,232.07,Yes,0.5171,Tuesday,0.41680061777190996,5.4513388376304395,2025-01
2025-01-14,Price Center,GBM,412.96,No,1.8404,Tuesday,1.0439448873258015,6.025769350799973,2025-01
2025-01-14,Pepper Canyon,GBM,182.5,No,2.3014,Tuesday,1.1943466209313036,5.212214667494625,2025-01
2025-01-14,Pepper Canyon,GBM,182.5,No,2.3014,Tuesday,1.1943466209313036,5.212214667494625,2025-01
2025-01-15,Price Center,GBM,216.58,Yes,1.9854,Wednesday,1.0937337412170023,5.382566598992937,2025-01
2025-01-15,Price Center,GBM,93.22,Yes,2.2527,Wednesday,1.179485420674665,4.545632473271895,2025-01
2025-01-15,Pepper Canyon,Recruitment,300.0,No,2.0,Wednesday,1.0986122886681096,5.707110264748875,2025-01
2025-01-16,Price Center,GBM,495.65,Yes,0.2623000000000001,Thursday,0.23293545377667899,6.207885552661365,2025-01
2025-01-16,Price Center,Workshop,400.0,Yes,0.7,Thursday,0.5306282510621704,5.993961427306569,2025-01
2025-01-16,Warren,Workshop,347.49,No,0.4029,Thursday,0.3385415227425896,5.853609535384296,2025-01
2025-01-16,Price Center,Social,312.41,No,0.7362,Thursday,0.5516988169755705,5.747512237517526,2025-01
2025-01-17,Price Center,GBM,439.44,No,0.5689,Friday,0.45037473685677276,6.08777422724539,2025-01
2025-01-17,Mandeville Auditorium,Workshop,1500.0,Yes,0.6799999999999999,Friday,0.5187937934151675,7.313886831633462,2025-01
2025-01-17,Price Center,GBM,438.37,Yes,2.2356,Friday,1.1742143821616604,6.085341882699326,2025-01
2025-01-17,Muir,GBM,1668.75,Yes,0.3954999999999999,Friday,0.33325277399423975,7.420429193605745,2025-01
2025-01-17,Price Center,Workshop,1606.89,Yes,1.1949,Friday,0.7861364874027732,7.382678039438781,2025-01
2025-01-17,Price Center,GBM,326.96,Yes,1.7433,Friday,1.0091615752787622,5.792891649727977,2025-01
2025-01-17,Warren,Workshop,193.95,No,1.2374,Friday,0.8053144774306931,5.272743115428606,2025-01
2025-01-17,Price Center,GBM,591.69,No,0.9971,Friday,0.6916961282926306,6.384671496709499,2025-01
2025-01-17,Pepper Canyon,Recruitment,179.94,Yes,0.778,Friday,0.5754891370917128,5.198165484597595,2025-01
2025-01-18,Price Center,Competition,1434.75,No,0.8085,Saturday,0.5924977724100156,7.269442639744406,2025-01
2025-01-18,Price Center,GBM,554.33,Yes,4.0229,Saturday,1.6140074561484703,6.319562531639703,2025-01
2025-01-20,Warren,Recruitment,599.0,No,0.4174,Monday,0.3488242073940186,6.396929655216146,2025-01
2025-01-21,Pepper Canyon,Social,231.21,No,1.0813,Tuesday,0.7329926984820686,5.4476421346586,2025-01
2025-01-21,Price Center,GBM,93.22,Yes,1.6091,Tuesday,0.9590053342816921,4.545632473271895,2025-01
2025-01-21,Pepper Canyon,Recruitment,569.2,Yes,0.6676,Tuesday,0.5113854670245048,6.345987176478571,2025-01
2025-01-21,Pepper Canyon,Recruitment,259.57,No,0.3081999999999999,Tuesday,0.26865214654497527,5.562871539107794,2025-01
2025-01-21,Pepper Canyon,Speaker,173.59,Yes,1.1521,Tuesday,0.7664441096214022,5.162440367996683,2025-01
2025-01-21,Price Center,Social,156.7,Yes,1.8507,Tuesday,1.0475645781574578,5.060694493968993,2025-01
2025-01-21,Price Center,GBM,296.31,Yes,0.5737,Tuesday,0.45342953462468166,5.694775365496226,2025-01
2025-01-21,Warren,Recruitment,400.0,Yes,0.675,Tuesday,0.5158131652770298,5.993961427306569,2025-01
2025-01-22,Pepper Canyon,Recruitment,300.0,No,1.3333,Wednesday,0.8472835745708761,5.707110264748875,2025-01
2025-01-22,Price Center,Workshop,86.0,No,2.3256,Wednesday,1.2016501089562905,4.465908118654584,2025-01
2025-01-22,Wong-Avery,Speaker,273.07,Yes,0.6592,Wednesday,0.5063355584931258,5.613383548212584,2025-01
2025-01-22,Price Center,Workshop,178.5,Yes,0.8964,Wednesday,0.6399573520458262,5.190175207928333,2025-01
2025-01-22,Price Center,Religion,344.8,Yes,0.7831,Wednesday,0.5783534225578639,5.84586057324919,2025-01
2025-01-22,Price Center,GBM,80.0,No,1.875,Wednesday,1.0560526742493137,4.394449154672439,2025-01
2025-01-22,Pepper Canyon,GBM,215.5,Yes,1.4849,Wednesday,0.9102324172901911,5.377590547442544,2025-01
2025-01-22,Warren,GBM,112.23,Yes,2.9404,Wednesday,1.371282240999387,4.729421148325948,2025-01
2025-01-23,Price Center,Speaker,313.20000000000005,No,1.0,Thursday,0.6931471805599453,5.750029725821521,2025-01
2025-01-23,Price Center,Social,200.0,Yes,0.95,Thursday,0.6678293725756554,5.303304908059076,2025-01
2025-01-23,Price Center,GBM,248.9,No,1.0446,Thursday,0.7152021713407766,5.521060837840906,2025-01
2025-01-23,Warren,Workshop,105.06,Yes,1.3326,Thursday,0.8469835252748125,4.664004971708984,2025-01
2025-01-23,Warren,Competition,285.0,Yes,0.6315999999999999,Thursday,0.4895611284612663,5.655991810819852,2025-01
2025-01-24,Price Center,GBM,189.05,No,2.2745,Friday,1.1861651856759714,5.247287195435257,2025-01
2025-01-24,Pepper Canyon,GBM,288.0,No,0.7292000000000001,Friday,0.5476588738113397,5.666426688112432,2025-01
2025-01-24,Price Center,GBM,349.5,No,0.5722,Friday,0.45247591237751905,5.859360706474645,2025-01
2025-01-24,Student Services Center,Recruitment,3647.41,No,0.5593,Friday,0.4442370026087027,8.202046735229777,2025-01
2025-01-24,Sixth,GBM,250.0,No,1.04,Friday,0.712949807856125,5.5254529391317835,2025-01
2025-01-24,Warren,Speaker,505.89,Yes,0.3359999999999999,Friday,0.2896800751144539,6.228294017526755,2025-01
2025-01-24,Warren,Workshop,189.53,No,0.7914,Friday,0.5829974370589579,5.249809662482993,2025-01
2025-01-25,Warren,Recruitment,700.0,Yes,0.5286,Saturday,0.42435228382664664,6.55250788703459,2025-01
2025-01-27,Pepper Canyon,Workshop,134.69,No,1.2622,Monday,0.8163377911151436,4.910372872157861,2025-01
2025-01-27,Warren,Recruitment,400.0,Yes,0.5,Monday,0.4054651081081644,5.993961427306569,2025-01
2025-01-27,Price Center,Religion,1412.5,Yes,0.0990999999999999,Monday,0.09449166309271755,7.253824177133645,2025-01
2025-01-27,Revelle,GBM,250.0,Yes,0.28,Monday,0.2468600779315258,5.5254529391317835,2025-01
2025-01-27,Warren,Speaker,198.17,No,0.8074,Monday,0.5918893484857184,5.294158731399177,2025-01
2025-01-27,Price Center,Competition,659.26,No,0.9708,Monday,0.678439551687671,6.4926336968406595,2025-01
2025-01-28,Price Center,GBM,216.58,No,0.7848999999999999,Tuesday,0.579362391253325,5.382566598992937,2025-01
2025-01-28,Price Center,Workshop,237.02,Yes,1.1813,Tuesday,0.7799210293419838,5.472354703754294,2025-01
2025-01-28,Pepper Canyon,Workshop,178.81,No,1.4541,Tuesday,0.8977600952547203,5.191900737843547,2025-01
2025-01-29,Pepper Canyon,Recruitment,300.0,No,1.0667,Wednesday,0.7259531322851228,5.707110264748875,2025-01
2025-01-29,Warren,Workshop,100.18,No,0.9982,Wednesday,0.6922467753167811,4.61690110886379,2025-01
2025-01-29,Pepper Canyon,Religion,549.53,No,0.8007,Wednesday,0.5881754781933227,6.310881450590693,2025-01
2025-01-29,Price Center,Religion,305.47,Yes,1.6041,Wednesday,0.9570871260667246,5.7251198713035585,2025-01
2025-01-29,Price Center,Social,510.0,Yes,0.6667000000000001,Wednesday,0.5108456235659934,6.236369590203704,2025-01
2025-01-29,Pepper Canyon,Workshop,147.84,Yes,1.7587000000000002,Wednesday,1.0147595542741343,5.002871903478422,2025-01
2025-01-29,Warren,Workshop,215.39,Yes,0.6964,Wednesday,0.5285083586182986,5.377082335183691,2025-01
2025-01-30,Price Center,Speaker,382.51,Yes,0.6536,Thursday,0.5029547293854214,5.949365696086644,2025-01
2025-01-30,Price Center,Recruitment,300.0,Yes,0.4,Thursday,0.33647223662121295,5.707110264748875,2025-01
2025-01-30,Warren,Social,263.72,Yes,0.5309,Thursday,0.42585579775589844,5.578672663613357,2025-01
2025-01-31,Warren,Workshop,552.27,Yes,1.1045,Friday,0.7440779092284883,6.315846128300357,2025-01
2025-01-31,Price Center,Workshop,297.27,Yes,1.3456,Friday,0.8525412327101953,5.697999116567134,2025-01
2025-02-01,Price Center,Religion,3518.75,Yes,0.1306999999999999,Saturday,0.1228369099590623,8.166145243342637,2025-02
2025-02-01,Warren,Competition,584.1,Yes,0.1883,Saturday,0.1725237143138436,6.37178277279419,2025-02
2025-02-01,Mandeville Auditorium,Social,157.56,No,6.9815,Saturday,2.0771263637223965,5.066133070581678,2025-02
2025-02-01,Warren,Competition,862.0,No,0.0579999999999999,Saturday,0.056380333436107544,6.760414691083428,2025-02
2025-02-01,Warren,Competition,1163.27,No,0.3009,Saturday,0.2630563326253763,7.059849560155995,2025-02
2025-02-03,Price Center,Social,742.24,Yes,1.8592,Monday,1.0505418654230265,6.611019007364554,2025-02
2025-02-03,Price Center,Social,366.36,Yes,1.0918,Monday,0.7380249393380308,5.9063422936911465,2025-02
2025-02-04,Warren,GBM,510.74,Yes,0.6461,Tuesday,0.4984088537509024,6.237816683559073,2025-02
2025-02-04,Warren,GBM,216.58,No,1.8007,Tuesday,1.0298693859363657,5.382566598992937,2025-02
2025-02-04,Warren,Social,261.59,No,0.9939,Tuesday,0.6900925198307166,5.570593880412456,2025-02
2025-02-04,Pepper Canyon,Social,273.79,Yes,0.4018,Tuesday,0.33775712508408734,5.616007169584166,2025-02
2025-02-05,Pepper Canyon,Recruitment,300.0,No,1.2667,Wednesday,0.8183250292881739,5.707110264748875,2025-02
2025-02-05,Mandeville Auditorium,GBM,161.37,Yes,1.2394,Wednesday,0.8062079728439595,5.089877681599023,2025-02
2025-02-05,Price Center,Religion,400.0,No,0.75,Wednesday,0.5596157879354227,5.993961427306569,2025-02
2025-02-05,Price Center,Social,242.5,Yes,0.7010000000000001,Wednesday,0.5312163134137248,5.495116942522644,2025-02
2025-02-05,Mandeville Auditorium,Religion,559.95,No,0.7142999999999999,Wednesday,0.5390048340312983,6.329631774990974,2025-02
2025-02-05,Warren,Workshop,134.69,No,1.6334,Wednesday,0.9682757869401062,4.910372872157861,2025-02
2025-02-06,Pepper Canyon,Recruitment,597.59,Yes,0.6694,Thursday,0.5124642804344992,6.39457688963255,2025-02
2025-02-06,Warren,GBM,182.4,Yes,2.1382,Thursday,1.1436493871428308,5.211669559822364,2025-02
2025-02-06,Price Center,GBM,1293.59,No,0.7035,Thursday,0.5326849581188842,7.1659493216879415,2025-02
2025-02-06,Warren,Workshop,134.69,No,0.6682,Thursday,0.5117452008253744,4.910372872157861,2025-02
2025-02-07,Pepper Canyon,Social,293.31,No,0.6136999999999999,Friday,0.47852967896516946,5.684633633595218,2025-02
2025-02-07,Warren,Social,134.69,No,0.6682,Friday,0.5117452008253744,4.910372872157861,2025-02
2025-02-10,Revelle,GBM,313.20000000000005,Yes,1.0,Monday,0.6931471805599453,5.750029725821521,2025-02
2025-02-10,Library Walk,Religion,343.83,No,0.6399,Monday,0.4946352643672629,5.843051541965209,2025-02
2025-02-10,Revelle,GBM,65.0,No,1.5385,Monday,0.9315733554053119,4.189654742026425,2025-02
2025-02-10,Mandeville Auditorium,Social,1528.58,No,0.2551000000000001,Monday,0.22721525068426351,7.332748466897846,2025-02
2025-02-10,Pepper Canyon,GBM,216.58,No,1.2467,Monday,0.809462472941294,5.382566598992937,2025-02
2025-02-10,Pepper Canyon,Social,243.4,No,0.6163000000000001,Monday,0.480139586433626,5.4988062272974405,2025-02
2025-02-10,Price Center,Speaker,19.9,No,3.0151,Monday,1.3900622536888099,3.039749158970765,2025-02
2025-02-10,Price Center,GBM,150.86,No,0.6629,Monday,0.5085630661117316,5.022959043785088,2025-02
2025-02-10,Student Services Center,GBM,173.48,Yes,0.8069999999999999,Monday,0.5916680116100914,5.161810121893374,2025-02
2025-02-11,Price Center,GBM,216.58,No,0.8773,Tuesday,0.6298345743481794,5.382566598992937,2025-02
2025-02-11,Mandeville Auditorium,Social,172.45,No,0.0579999999999999,Tuesday,0.056380333436107544,5.155889373415759,2025-02
2025-02-11,Library Walk,Religion,263.41,No,1.2528,Tuesday,0.8121738869815862,5.577500928744919,2025-02
2025-02-11,Price Center,Social,247.4,No,0.2020999999999999,Tuesday,0.18407002732807143,5.515040350059324,2025-02
2025-02-11,Mandeville Auditorium,Speaker,384.5,No,0.4421,Tuesday,0.3661003845858877,5.954541193003384,2025-02
2025-02-11,Warren,Workshop,233.19,No,0.0429,Tuesday,0.04200529414503013,5.456132751703759,2025-02
2025-02-11,Warren,Competition,330.0,No,0.9697,Tuesday,0.6778812468895119,5.802118375377063,2025-02
2025-02-11,Price Center,Social,1999.85,No,0.31,Tuesday,0.27002713721306015,7.601327369255163,2025-02
2025-02-11,Pepper Canyon,Social,140.0,Yes,2.0714,Tuesday,1.1221334837094554,4.948759890378168,2025-02
2025-02-12,Pepper Canyon,Recruitment,300.0,No,0.9333,Wednesday,0.6592283873563194,5.707110264748875,2025-02
2025-02-12,Pepper Canyon,Social,181.46,Yes,1.2124,Wednesday,0.7940778991383859,5.206530970917329,2025-02
2025-02-12,Mandeville Auditorium,Social,1481.94,No,0.4521,Wednesday,0.3730107845545547,7.301781882789457,2025-02
2025-02-12,Library Walk,Religion,263.41,No,0.7593,Wednesday,0.5649160026628633,5.577500928744919,2025-02
2025-02-12,Price Center,GBM,344.58,No,0.4353,Wednesday,0.3613738865951976,5.845224164884976,2025-02
2025-02-12,Price Center,Social,200.0,Yes,0.5,Wednesday,0.4054651081081644,5.303304908059076,2025-02
2025-02-12,North Campus,GBM,296.31,No,0.7087,Wednesday,0.5357328474720906,5.694775365496226,2025-02
2025-02-12,Pepper Canyon,GBM,474.1,Yes,1.0335,Wednesday,0.7097584463651422,6.163525308192876,2025-02
2025-02-12,Pepper Canyon,Workshop,178.2,Yes,0.8418,Wednesday,0.6107433543051296,5.18850250054083,2025-02
2025-02-12,Price Center,GBM,467.97,Yes,0.8975,Wednesday,0.640537230287648,6.1505388005155135,2025-02
2025-02-13,Price Center,Speaker,598.05,Yes,0.3679,Thursday,0.31327671711326155,6.395345067085908,2025-02
2025-02-13,Price Center,Social,198.16,Yes,0.9588,Thursday,0.6723320408460253,5.294108521773982,2025-02
2025-02-13,North Campus,Social,203.07,No,5.4661,Thursday,1.86657314469556,5.318463072240994,2025-02
2025-02-13,Price Center,Social,101.66,No,0.0984,Thursday,0.09385457547162425,4.631422557132157,2025-02
2025-02-13,Price Center,Speaker,70.0,No,2.5714,Thursday,1.2729576757808874,4.2626798770413155,2025-02
2025-02-13,Price Center,Social,500.85,No,0.9384,Thursday,0.6618628905201789,6.2183012702598095,2025-02
2025-02-13,Library Walk,GBM,404.5,No,0.8653,Thursday,0.6234218980683799,6.005120873555468,2025-02
2025-02-13,Mandeville Auditorium,Social,1529.86,No,0.3791,Thursday,0.3214311124981549,7.333584947975492,2025-02
2025-02-14,Price Center,Social,147.5,No,1.9661,Friday,1.0872479585890598,5.000584958242754,2025-02
2025-02-14,Warren,Workshop,164.76,Yes,0.9711,Friday,0.6785917625507467,5.110540959071118,2025-02
2025-02-15,Warren,Workshop,86.09,No,3.1363,Saturday,1.4198016684248052,4.466942066704648,2025-02
2025-02-15,SunGod,Social,397.32,No,0.5789,Saturday,0.45672840204570586,5.987255702333927,2025-02
2025-02-15,Price Center,Social,10402.7,Yes,0.9853,Saturday,0.6857700362208962,9.249916791089367,2025-02
2025-02-17,Off Campus,Workshop,143.85,No,0.139,Monday,0.1301506844650451,4.975698724215359,2025-02
2025-02-18,Price Center,GBM,200.0,No,0.8,Tuesday,0.5877866649021191,5.303304908059076,2025-02
2025-02-18,Warren,Workshop,215.39,Yes,1.8107,Tuesday,1.0334335626431153,5.377082335183691,2025-02
2025-02-18,Price Center,Speaker,251.85,No,0.3573999999999999,Tuesday,0.30557110528752085,5.532796427525992,2025-02
2025-02-18,Warren,Speaker,232.63,No,0.4299,Tuesday,0.3576045117566645,5.453738667365866,2025-02
