NAME_OF_EVENT,DATE,VENUE,AWARDED,A.S. Advertisement Pass,Form Attendance,Attendance Miss,Event_Type,Location_Type
Pani Puri Event,1/3/2025,Red Shoe Room,$500.00 ,Not Found,,100.00%,Religion,Price Center
Armenian Christmas,1/6/2025,Price Center - Red Shoe Room,$350.00 ,Not Found,50,-42.86%,Religion,Price Center
GBM 1: Winter,1/6/2025,PC Ballroom East,"$1,483.03 ",Not Found,,100.00%,GBM,Price Center
Board Game and Boba Winter Game Night # 1,1/6/2025,Price Center Ballroom B,$641.03 ,No,131,-104.36%,Social,Price Center
MYSA GBM 2 Winter,1/7/2025,Student Center - Dolores Huerta - Philip Vera Cruz Room,$400.00 ,Not Found,28,30.00%,GBM,Mandeville Auditorium
Winter Engineers on the Green,1/7/2025,"Warren Mall [1, 2, 3]","$4,000.00 ",No,228,43.00%,Social,Warren
PSA Trivia Night,1/7/2025,Eleanor Roosevelt College Room,$37.66 ,Yes,20,-431.07%,Competition,Price Center
BMES Winter GBM #1,1/8/2025,Price Center Theater,$182.40 ,Yes,3,83.55%,GBM,Price Center
PiB Winter GBM,1/8/2025,EnVision,$300.00 ,Yes,23,23.33%,GBM,Pepper Canyon
HRI Winter GBM,1/8/2025,Price Center Red Shoe Room,Price Center Red Shoe Room,No,7,#VALUE!,GBM,Price Center
MTC Welcome-Back Social,1/8/2025,MPR,$565.35 ,Not Found,,100.00%,Social,Mandeville Auditorium
Winter GBM,1/8/2025,CSE1202,$774.52 ,Yes,32,58.68%,GBM,Warren
New Year Identity Collage,1/8/2025,Price Center ERC Room,$210.00 ,Yes,24,-14.29%,Social,Price Center
Winter Kickoff,1/8/2025,PC East Ballroom,"$1,038.23 ",Yes,240,-131.16%,GBM,Price Center
Bracelet Bash,1/9/2025,SME 248,$189.61 ,Yes,25,-31.85%,Social,Pepper Canyon
Rubik's Cube Club GBM,1/9/2025,Student Center: Dolores Huerta / Philip Vera Cruz Meeting Room,$273.47 ,Not Found,,100.00%,GBM,Mandeville Auditorium
ABSA Social,1/9/2025,Red Shoe Room,$398.88 ,Not Found,13,67.41%,Social,Price Center
GBM #1: Med App Escape Room,1/9/2025,Price Center - Bear Room,$323.84 ,Yes,22,32.07%,GBM,Price Center
Winter GBM,1/9/2025,Fung auditorium,$371.80 ,Yes,74,-99.03%,GBM,Warren
Dominoes Championship,1/9/2025,Price Center - Eleanor Roosevelt College Room,$500.00 ,No,20,60.00%,Competition,Price Center
IEEE Winter GBM,1/9/2025,Price Center East Ballroom,$600.00 ,Yes,46,23.33%,GBM,Price Center
Fall Projects Showcase,1/9/2025,Qualcomm Room,$259.57 ,Not Found,42,-61.81%,Recruitment,Warren
TSU Winter GBM,1/10/2025,Price Center Bear Room,$210.00 ,Yes,28,-33.33%,GBM,Price Center
IEEE Game Night,1/10/2025,"UCSD Game Room, Price Center",$210.65 ,Yes,16,24.04%,Social,Price Center
Cantonese Culture Club Social Night,1/10/2025,Price Center Forum,$149.54 ,Yes,25,-67.18%,Social,Price Center
TBP Winter General Body Meeting,1/10/2025,Qualcomm Conference Center,$386.30 ,Yes,23,40.46%,GBM,Warren
Triton Gaming Winter GBM,1/10/2025,Design and Innovation Building Room 208,$319.76 ,Yes,134,-319.06%,GBM,Pepper Canyon
GBM,1/12/2025,UCSD School of Medicine Campus MET Lower Auditorium,$912.32 ,No,,100.00%,GBM,Wong-Avery
Triton Business Society WI25 Recruitment,1/13/2025,Student Services Center Multi-Purpose Room,$120.00 ,No,,100.00%,Recruitment,Mandeville Auditorium
BSSA Winter GBM,1/13/2025,PC Theater,$333.13 ,Yes,118,-254.22%,GBM,Price Center
NETS Winter GBM,1/13/2025,SME 248,$344.80 ,Yes,35,-1.51%,GBM,Pepper Canyon
AI Winter Kickoff,1/13/2025,CSE Room 1202,$299.55 ,Not Found,60,-100.30%,GBM,Warren
Graphite Week 2 GBM,1/13/2025,Marshall College Room,$196.43 ,Yes,16,18.55%,GBM,Price Center
Winter GBM 1,1/14/2025,Price Center ERC Room,,No,19,#DIV/0!,GBM,Price Center
SASE GBM 1,1/14/2025,Qualcomm Conference Center,$510.74 ,Yes,25,51.05%,GBM,Warren
SWE Winter GBM #1,1/14/2025,Henry Booker Room,$537.94 ,Yes,42,21.92%,GBM,Warren
Rafael Montalvo,1/14/2025,The Forum,$393.29 ,No,37,5.92%,Speaker,Price Center
Triton Business Society WI25 Recruitment - Speed Dating Night,1/14/2025,Student Services Center Multi Purpose Room,$210.00 ,No,,100.00%,Recruitment,Mandeville Auditorium
UCSD Tour with Bay Park Elementary,1/14/2025,Warren Mall,$232.07 ,Yes,12,48.29%,Social,Warren
Winter GBM #1,1/14/2025,Price Center Marshall Room,$412.96 ,No,76,-84.04%,GBM,Price Center
Info Night - Semiconductor Industry Day,1/14/2025,SME 248,$182.50 ,No,42,-130.14%,GBM,Pepper Canyon
Info Night - Semiconductor Industry Day,1/14/2025,SME 248,$182.50 ,No,42,-130.14%,GBM,Pepper Canyon
BEI 2025 Winter Quarter GBM,1/15/2025,PC West Green Table Room,$216.58 ,Yes,43,-98.54%,GBM,Price Center
USC GBM,1/15/2025,Price Center ERC Room,$93.22 ,Yes,21,-125.27%,GBM,Price Center
Welcome Back! Winter Solstice Spectacular,1/15/2025,Price Center - Warren College Room,$279.00 ,No,,100.00%,GBM,Price Center
Winter Bash,1/15/2025,Bonner Hall 2130,$74.75 ,Not Found,,100.00%,GBM,Revelle
Winter W2 Project Committee,1/15/2025,EnVision,$300.00 ,Not Found,60,-100.00%,Recruitment,Pepper Canyon
Tech Dev Workshop 1,1/15/2025,B225,$347.49 ,Not Found,,100.00%,Workshop,Warren
CSSA Winter Quarter GBM,1/15/2025,Price Center – Ballroom | West B,$297.35 ,No,,100.00%,GBM,Price Center
Game Night,1/16/2025,ASML Room,$239.41 ,No,,100.00%,Social,Pepper Canyon
EWB Winter GBM,1/16/2025,Price Center Bear Room,$495.65 ,Yes,13,73.77%,GBM,Price Center
Scrapbooking,1/16/2025,Warren College Room,$400.00 ,Yes,28,30.00%,Workshop,Price Center
Tech Dev Workshop 2,1/16/2025,B225,$347.49 ,Not Found,14,59.71%,Workshop,Warren
Social Night,1/16/2025,UCSD PC Gameroom,$312.41 ,Not Found,23,26.38%,Social,Price Center
GBM #1 - Pitching for Showcase,1/17/2025,Price Center Green Table Room,$439.44 ,No,25,43.11%,GBM,Price Center
DVC Presents: WINTER 360,1/17/2025,The Stageroom,"$1,500.00 ",Yes,102,32.00%,Workshop,Mandeville Auditorium
TCP Kickoff,1/17/2025,Price Center Red Shoe Room & Bear Room,$438.37 ,Yes,98,-123.56%,GBM,Price Center
Careers in Life Sciences (CILS) Conference,1/17/2025,Kavli Auditorium,"$1,668.75 ",Yes,66,60.45%,GBM,Muir
Lab Expo 2025,1/17/2025,Price Center West Ballroom AB,"$1,606.89 ",Yes,192,-19.49%,Workshop,Price Center
Triton Droids GBM,1/17/2025,Price Center - Forum,$326.96 ,Yes,57,-74.33%,GBM,Price Center
You Wouldn't Hack A Game...,1/17/2025,EBU 1 Qualcomm Room,$193.95 ,Not Found,24,-23.74%,Workshop,Warren
Triton Minecraft Winter GBM,1/17/2025,ERC Room,$591.69 ,No,59,0.29%,GBM,Price Center
ChemE Competition Team Showcase,1/17/2025,SME 248,$179.94 ,Yes,14,22.20%,Recruitment,Pepper Canyon
Dine With Senior,1/18/2025,Bear Room and Red Shoe Room,$201.92 ,Yes,,100.00%,Speaker,Price Center
Division Snow Day Showdown,1/18/2025,Price Center Ballroom West B,"$1,434.75 ",Not Found,116,19.15%,Competition,Price Center
"New Year, New Keebs",1/18/2025,Price Center East Ballroom,$554.33 ,Yes,223,-302.29%,GBM,Price Center
Winter Quarterly Projects Kickoff,1/20/2025,Qualcomm Conference Room,$599.00 ,Not Found,25,58.26%,Recruitment,Warren
Intro to Identity Theft,1/20/2025,SME ASML Room,$193.95 ,No,,100.00%,Workshop,Pepper Canyon
Product Space X ACM: CS Adjacent Careers,1/20/2025,SME ASML Room,$299.55 ,Not Found,,100.00%,Workshop,Pepper Canyon
Mentor/Mentee Succulent Social!,1/21/2025,ASML Room,$231.21 ,No,25,-8.13%,Social,Pepper Canyon
Oncology GBM,1/21/2025,Price Center ERC Room,$93.22 ,Yes,15,-60.91%,GBM,Price Center
Project Teams Kickoff,1/21/2025,SME 248,$569.20 ,Yes,38,33.24%,Recruitment,Pepper Canyon
Winter Projects Kickoff,1/21/2025,SME ASML Room,$259.57 ,Not Found,8,69.18%,Recruitment,Pepper Canyon
NETS Coffee Talk,1/21/2025,SME 348,$173.59 ,Yes,20,-15.21%,Speaker,Pepper Canyon
PUSH Karaoke Social,1/21/2025,Price Center - Marshall College Room,$156.70 ,Yes,29,-85.07%,Social,Price Center
HSI GBM #1,1/21/2025,Price Center Bear Room,$296.31 ,Yes,17,42.63%,GBM,Price Center
HKN Induction Info Session 1,1/21/2025,"Henry Booker Room, Jacobs Hall",$400.00 ,Yes,27,32.50%,Recruitment,Warren
PPASO Winter GBM 1,1/21/2025,Multipurpose Room,$120.00 ,Not Found,,100.00%,GBM,Mandeville Auditorium
Winter W3 Project Committee,1/22/2025,EnVision,$300.00 ,Not Found,40,-33.33%,Recruitment,Pepper Canyon
CSSA Workshop #2: Portfolio Building,1/22/2025,Price Center ERC Room,$86.00 ,No,20,-132.56%,Workshop,Price Center
HMP3-HRI Undergraduate Research Info Panel,1/22/2025,Campus reservations,$273.07 ,Yes,18,34.08%,Speaker,Wong-Avery
Edusession,1/22/2025,Price Center Green Table Room,$178.50 ,Yes,16,10.36%,Workshop,Price Center
APAMSA Lunar New Year,1/22/2025,Price Center - Bear Room,$344.80 ,Yes,27,21.69%,Religion,Price Center
GBM 1,1/22/2025,Red Shoe Room,$80.00 ,No,15,-87.50%,GBM,Price Center
Winter GBM #1,1/22/2025,SME 248,$215.50 ,Yes,32,-48.49%,GBM,Pepper Canyon
Mentor-Mentee Arts and Crafts Social,1/22/2025,Zweifach Library - PFBH,$210.98 ,Not Found,,100.00%,Social,Warren
Switching Into Bioengineering Symposium,1/22/2025,Fung Auditorium at the Powell-Focht Bioengineering Hall,$112.23 ,Yes,33,-194.04%,GBM,Warren
Ysabel Francesca Aguirre,1/23/2025,Marshall College Room,,Not Found,,0.00%,Speaker,Price Center
BEI 2025 Winter Quarter Social,1/23/2025,PC West Green Table Room,$200.00 ,Yes,19,5.00%,Social,Price Center
GBM,1/23/2025,Marshall College Room,$248.90 ,Not Found,26,-4.46%,GBM,Price Center
Ecological Modeling Workshop,1/23/2025,Jacobs Hall 2315,$105.06 ,Yes,14,-33.26%,Workshop,Warren
IEEE Jester's Trivia Joust,1/23/2025,Henry Booker Room,$285.00 ,Yes,18,36.84%,Competition,Warren
Medlink GBM #1,1/24/2025,Price Center Marshall Room,$189.05 ,No,43,-127.45%,GBM,Price Center
Chem-E-Car Winter GBM #1,1/24/2025,SME 248 ASML Conference Center,$288.00 ,Not Found,21,27.08%,GBM,Pepper Canyon
TritonTubers Winter GBM,1/24/2025,Price Center Red Shoe Room,$349.50 ,Not Found,20,42.78%,GBM,Price Center
Winter Wonderland - A CSI Student Org Fair,1/24/2025,Town Square,"$3,647.41 ",Not Found,204,44.07%,Recruitment,Student Services Center
Winter GBM,1/24/2025,Urban Studies and Planning Studio (RWAC 0104),$250.00 ,No,26,-4.00%,GBM,Sixth
Brunch with Industry Professionals,1/24/2025,Henry Booker Room,$505.89 ,Yes,17,66.40%,Speaker,Warren
React Web Dev Workshop,1/24/2025,Henry Booker Room,$189.53 ,No,15,20.86%,Workshop,Warren
HKN Induction Ceremony,1/25/2025,"Henry Booker Room, Jacobs Hall",$700.00 ,Yes,37,47.14%,Recruitment,Warren
How AI Powers Recommender Systems,1/27/2025,ASML Room,$134.69 ,Not Found,17,-26.22%,Workshop,Pepper Canyon
Week 4 GBM Celebration,1/27/2025,ASANTE 123D,$216.58 ,No,,100.00%,GBM,North Campus
HKN Induction Info Session 2,1/27/2025,"Henry Booker Room, Jacobs Hall",$400.00 ,Yes,20,50.00%,Recruitment,Warren
CGC Spring Festival 2025,1/27/2025,PC West Ballroom AB,"$1,412.50 ",Yes,14,90.09%,Religion,Price Center
Graphite Week 4 GBM,1/27/2025,NSB Auditorium,$250.00 ,Yes,7,72.00%,GBM,Revelle
IEEE Intern Panel,1/27/2025,Henry Booker Room,$198.17 ,Not Found,16,19.26%,Speaker,Warren
Board Game and Boba Winter Jeopardy Night,1/27/2025,Price Center Theather,$659.26 ,No,64,2.92%,Competition,Price Center
HRI Winter Social,1/27/2025,Marshall College Room,$376.40 ,Not Found,,100.00%,Social,Price Center
NETS Spelling Bee,1/27/2025,Green Table Room PC,$300.00 ,Not Found,,100.00%,Competition,Price Center
AMF @ UC San Diego GBM #1 - Winter 25,1/28/2025,Price Center - Red Shoe Room,$500.00 ,No,,100.00%,GBM,Price Center
Winter GBM 2,1/28/2025,Price Center ERC Room,$216.58 ,No,17,21.51%,GBM,Price Center
Cold Call Emailing,1/28/2025,Marshall College Room,$237.02 ,Yes,28,-18.13%,Workshop,Price Center
Undergraduate Student Research Panel,1/28/2025,SME 248,$178.81 ,No,26,-45.41%,Workshop,Pepper Canyon
Winter W4 Project Committee,1/29/2025,EnVision,$300.00 ,Not Found,32,-6.67%,Recruitment,Pepper Canyon
TNT Forum,1/29/2025,Henry Booker,$100.18 ,No,10,0.18%,Workshop,Warren
ACM Celebrates Lunar New Year,1/29/2025,ASML Room,$549.53 ,Not Found,44,19.93%,Religion,Pepper Canyon
Lunar New Year,1/29/2025,Price Center Marshall Room,$305.47 ,Yes,49,-60.41%,Religion,Price Center
Stickers,1/29/2025,Price Center Bear Room,$510.00 ,Yes,34,33.33%,Social,Price Center
Designing for All: Practicing Accessible UI,1/29/2025,ASML Room,$147.84 ,Yes,26,-75.87%,Workshop,Pepper Canyon
Tech Dev Workshop 3,1/29/2025,B225,$215.39 ,Yes,15,30.36%,Workshop,Warren
iClick3r H@ckin',1/30/2025,SME ASML Room,$134.69 ,Not Found,,100.00%,Workshop,Pepper Canyon
Networking with Alumni,1/30/2025,PC Forum,$382.51 ,Yes,25,34.64%,Speaker,Price Center
UCSD HAARP Letter Writing Campaign: Bridging Connections Beyond Bars,1/30/2025,Price Center - Sixth College Room,$59.54 ,No,,100.00%,Workshop,Price Center
Mentor Mentee Sizzling Reveal Party,1/30/2025,Bear Room,$300.00 ,Yes,12,60.00%,Recruitment,Price Center
UCSD Tour with San Diego High School,1/30/2025,Warren Mall,$263.72 ,Yes,14,46.91%,Social,Warren
HRI Winter Social,1/30/2025,Marshall College Room,$376.40 ,Not Found,,100.00%,Social,Price Center
Week 4 gbm,1/31/2025,NSB atrium,,Yes,40,#DIV/0!,GBM,Revelle
ECE Depths Seminar,1/31/2025,Qualcomm Conference Room,$552.27 ,Yes,61,-10.45%,Workshop,Warren
Art Block,1/31/2025,Bear Room,$297.27 ,Yes,40,-34.56%,Workshop,Price Center
Chinese Drama Club Winter Performance,2/1/2025,PC East Ballroom,,Not Found,42,#DIV/0!,Workshop,Price Center
SEA Club Winter Formal,2/1/2025,Price Center Dance Studio,$280.53 ,Not Found,,100.00%,Social,Price Center
Mock Mehndi,2/1/2025,Price Center Ball Room B,"$3,518.75 ",Yes,46,86.93%,Religion,Price Center
H.A.R.D. Hack Day 1 Breakfast,2/1/2025,Jacobs School of Engineering Classroom 2315,$584.10 ,Yes,11,81.17%,Competition,Warren
ArtSpark Cafe,2/1/2025,"Dolores Huerta - Philip Vera Cruz Room, Student Center",$157.56 ,Not Found,110,-598.15%,Social,Mandeville Auditorium
H.A.R.D. Hack Day 1,2/1/2025,Henry Booker Room,$862.00 ,No,5,94.20%,Competition,Warren
H.A.R.D. Hack Day 1 [meal],2/1/2025,Qualcomm Conference Center and Classroom 2509,"$1,163.27 ",No,35,69.91%,Competition,Warren
General Body Meeting,2/3/2025,Vaughn 100,$78.18 ,No,,100.00%,GBM,Scripps
Winter Week 5 Board Game and Boba Game Night,2/3/2025,Price Center West Ballroom B,$742.24 ,Yes,138,-85.92%,Social,Price Center
Intro to Music Coding,2/3/2025,Fishbowl (CSE B225),$134.69 ,Not Found,,100.00%,Workshop,Warren
NETS x NSBE x IEEE Social,2/3/2025,Price Center Forum,$366.36 ,Yes,40,-9.18%,Social,Price Center
GBM 2,2/4/2025,Qualcomm Conference Center,$510.74 ,Yes,33,35.39%,GBM,Warren
SWE Winter GBM #2,2/4/2025,Henry Booker Room,$216.58 ,Not Found,39,-80.07%,GBM,Warren
Slime Event,2/4/2025,PFBH 489 (Zweifach Library),$261.59 ,No,26,0.61%,Social,Warren
Keychain Charm Social,2/4/2025,ASML Room,$273.79 ,Yes,11,59.82%,Social,Pepper Canyon
Winter W5 Project Committee,2/5/2025,EnVision,$300.00 ,Not Found,38,-26.67%,Recruitment,Pepper Canyon
oSTEM GBM #2: Tarot Cards,2/5/2025,LGBT Resource Center,$161.37 ,Yes,20,-23.94%,GBM,Mandeville Auditorium
MYSA CNY Celebration,2/5/2025,Price Center Red Shoe Room,$400.00 ,No,30,25.00%,Religion,Price Center
HKN Officer Speed Networking,2/5/2025,Marshall College Room,$242.50 ,Yes,17,29.90%,Social,Price Center
ABSA Celebration of Imams' Birthdays,2/5/2025,Dolores Huerta - Philip Vera Cruz Room,$559.95 ,Not Found,40,28.57%,Religion,Mandeville Auditorium
AMSA Physician Mixer,2/5/2025,Multipurpose Room,$700.00 ,Not Found,,100.00%,Social,Mandeville Auditorium
"Camp CompTIA+: Attacks, Threats, & Vulnerabilities",2/5/2025,Fishbowl (CSE B225),$134.69 ,Not Found,22,-63.34%,Workshop,Warren
Project Teams Meetup 2,2/6/2025,SME 248,$597.59 ,Yes,40,33.06%,Recruitment,Pepper Canyon
BMES Winter GBM #2,2/6/2025,Fung Auditorium at Powell-Focht Bioengineering Hall,$182.40 ,Yes,39,-113.82%,GBM,Warren
IAW GBM,2/6/2025,PC Ballroom East,"$1,293.59 ",Not Found,91,29.65%,GBM,Price Center
Audience Hooks,2/6/2025,Price Center Bear Room,$280.00 ,Not Found,,100.00%,Workshop,Price Center
Q-Learning For Poker,2/6/2025,Fishbowl (CSE B225),$134.69 ,Not Found,9,33.18%,Workshop,Warren
RGC Doubt Night,2/7/2025,Huerta- Vera Cruz,$441.78 ,No,,100.00%,Religion,Mandeville Auditorium
Paint and Sip,2/7/2025,Cross Cultural Center Art Space,$293.31 ,No,18,38.63%,Social,Pepper Canyon
ACM Game Night,2/7/2025,Fishbowl (CSE B225),$134.69 ,Not Found,9,33.18%,Social,Warren
Musicians’ Club Open Mic,2/8/2025,PC Theater,$800.00 ,Not Found,,100.00%,Workshop,Price Center
IEEE QP Workathon 1,2/8/2025,Henry Booker Room,$274.00 ,Not Found,,100.00%,Workshop,Warren
UCSD CSSA Spring Festival Gala 2025,2/9/2025,Mandeville Auditorium,"$5,000.00 ",Yes,,100.00%,Religion,Mandeville Auditorium
Graphite Week 6 GBM (Lab report workshop),2/10/2025,NSB Auditorium,,Yes,,0.00%,GBM,Revelle
Islam Awareness Week Tabling: Day 1,2/10/2025,Library Walk,$343.83 ,Not Found,22,36.01%,Religion,Library Walk
Welcome Back Winter GBM,2/10/2025,Pac Hall 3500,$65.00 ,Not Found,10,-53.85%,GBM,Revelle
IAW Night Event 1,2/10/2025,Multi-Purpose Room Student Services Center,"$1,528.58 ",No,39,74.49%,Social,Mandeville Auditorium
MEChA Week 6 General Body Meeting,2/10/2025,Cross Cultural Center - Community Room,$216.58 ,Not Found,27,-24.67%,GBM,Pepper Canyon
Galentine's Social,2/10/2025,ASML Room,$243.40 ,,15,38.37%,Social,Pepper Canyon
Isabel Arntz,2/10/2025,Earl Warren Room,$19.90 ,Not Found,6,-201.51%,Speaker,Price Center
GBM 2,2/10/2025,Governance Chamber,$150.86 ,Not Found,10,33.71%,GBM,Price Center
C2S GBM,2/10/2025,Student Services Center - Conference Room 300,$173.48 ,Yes,14,19.30%,GBM,Student Services Center
Winter GBM 3,2/11/2025,Price Center Bear Room,$216.58 ,No,19,12.27%,GBM,Price Center
oSTEM Palentine's Day Mixer,2/11/2025,LGBT Resource Center,$172.45 ,Not Found,1,94.20%,Social,Mandeville Auditorium
Islam Awareness Week Tabling: Day 2,2/11/2025,Library Walk,$263.41 ,Not Found,33,-25.28%,Religion,Library Walk
Build a Bag for Seniors,2/11/2025,Green Table Room,$247.40 ,No,5,79.79%,Social,Price Center
Adrian Lee,2/11/2025,Student Center Stage Room,$384.50 ,Not Found,17,55.79%,Speaker,Mandeville Auditorium
Bots Strategies2,2/11/2025,CSE 1202,$233.19 ,Not Found,1,95.71%,Workshop,Warren
WIC x ACM Hack Collab,2/11/2025,B225,$330.00 ,,32,3.03%,Competition,Warren
IAW Night Event 2,2/11/2025,PC Theater,"$1,999.85 ",No,62,69.00%,Social,Price Center
Winter Quarter Projects Social,2/11/2025,SME 248,$140.00 ,Yes,29,-107.14%,Social,Pepper Canyon
Winter W6 Project Committee,2/12/2025,EnVision,$300.00 ,Not Found,28,6.67%,Recruitment,Pepper Canyon
"Bands, Boba, and Beats",2/12/2025,MAVERiC Studio (room 436 in Design and Innovation Building),$181.46 ,Yes,22,-21.24%,Social,Pepper Canyon
IAW Night Event 3,2/12/2025,Multi-Purpose Room Student Services Center,"$1,481.94 ",No,67,54.79%,Social,Mandeville Auditorium
Bouquet Making Social,2/12/2025,Bonner Hall 2140,$132.30 ,Yes,,100.00%,Social,Revelle
Islam Awareness Week Tabling: Day 3,2/12/2025,Library Walk,$263.41 ,Not Found,20,24.07%,Religion,Library Walk
Seeing Angles for Social Media Production,2/12/2025,Price Center Red Shoe Room,$95.60 ,Not Found,,100.00%,Workshop,Price Center
Music and Memory Winter 24 GBM #3,2/12/2025,Price Center - Eleanor Roosevelt College Room,$344.58 ,No,15,56.47%,GBM,Price Center
Transfers in Science Puzzle Night Social,2/12/2025,Green Table Room,$200.00 ,Yes,10,50.00%,Social,Price Center
GBM #4,2/12/2025,Otterson Hall 1S114,$296.31 ,Not Found,21,29.13%,GBM,North Campus
GBM #2,2/12/2025,ASML Room,$474.10 ,Yes,49,-3.35%,GBM,Pepper Canyon
Letters to Self,2/12/2025,Cross Cultural Center - Art Space,$178.20 ,Yes,15,15.82%,Workshop,Pepper Canyon
AED Winter GBM 3,2/12/2025,PC Theater,$467.97 ,Yes,42,10.25%,GBM,Price Center
ABSA Collab with Speaker,2/13/2025,Red shoe Room,$598.05 ,Yes,22,63.21%,Speaker,Price Center
Valentine's Arts & Crafts,2/13/2025,Price Center Warren Room,$198.16 ,Yes,19,4.12%,Social,Price Center
Meet Your Match,2/13/2025,Triton Esports Center,$203.07 ,No,111,-446.61%,Social,North Campus
Valentine’s Day Social-Students For Global Health,2/13/2025,Price Center (ERC Room),$101.66 ,No,1,90.16%,Social,Price Center
Ai Sphere Symposium,2/13/2025,"Price Center, Governance Chambers",$100.00 ,No,,100.00%,GBM,Price Center
GBM #2 Guest Speaker Event,2/13/2025,Price Center - Green Table Room,$70.00 ,No,18,-157.14%,Speaker,Price Center
You're my Cheddar Half/Brie My Valentine,2/13/2025,Price Center Green Table Room,$500.85 ,No,47,6.16%,Social,Price Center
Islam Awareness Week Tabling: Day 4,2/13/2025,Library Walk,$404.50 ,Not Found,35,13.47%,GBM,Library Walk
IAW Night Event 4,2/13/2025,Multi-Purpose Room Student Services Center,"$1,529.86 ",No,58,62.09%,Social,Mandeville Auditorium
Valentines in Minecraft,2/14/2025,Bear Room,$147.50 ,Not Found,29,-96.61%,Social,Price Center
Music Streaming Device Workshop,2/14/2025,ECE Makerspace,$164.76 ,Yes,16,2.89%,Workshop,Warren
VFS@UCSD Resume Review,2/15/2025,EBU2 classrooms,$86.09 ,No,27,-213.63%,Workshop,Warren
Steel Bridge Field Day,2/15/2025,Sun God Lawn,$397.32 ,Not Found,23,42.11%,Social,SunGod
AnimeFest 2025,2/15/2025,Price Center,"$10,402.70 ",Yes,1025,1.47%,Social,Price Center
Cover Letter Workshop,2/17/2025,Mesa Nueva - CA-A192B Large Conference Room,$143.85 ,Not Found,2,86.10%,Workshop,Off Campus
GBM #4 - Students For Global Health,2/18/2025,Price Center (ERC Room),$200.00 ,Not Found,16,20.00%,GBM,Price Center
Tech Dev Workshop 2/18,2/18/2025,B225,$215.39 ,Yes,39,-81.07%,Workshop,Warren
PPASO GBM,2/18/2025,Multipurpose Room,$120.00 ,Yes,,100.00%,GBM,Mandeville Auditorium
Dine with a Professional feat. HRI and SEARCH,2/18/2025,NSB Atrium/Auditorium,$279.98 ,No,,100.00%,Speaker,Revelle
Meet the Dean,2/18/2025,Price Center Warren Room,$251.85 ,Not Found,9,64.26%,Speaker,Price Center
GBM #4-Students For Global Health,2/18/2025,ERC Room - Price Center,$200.00 ,,,100.00%,GBM,Price Center
CSES Dev Social,2/18/2025,Governance Chambers,$289.99 ,,,100.00%,Social,Price Center
"Inside a YC Startup: Tech, Growth, and Lessons from Stempad",2/18/2025,Henry Booker Room,$232.63 ,,10,57.01%,Speaker,Warren
IEEE Networking Event Collab w/HKN and TreasureHacks,2/18/2025,Qualcomm Conference Room,$366.35 ,,,100.00%,Social,Warren
Translational Medicine Day 2025,2/19/2025,Price Center West Ballroom AB,"$2,000.00 ",,,,Social,Price Center
Chemistry Career Day,2/19/2025,NSB atrium,$397.64 ,,,,Social,Revelle
Winter W7 Project Committee,2/19/2025,EnVision,$300.00 ,,,,Recruitment,Pepper Canyon
Sensory Board Making Event,2/19/2025,Red Shoe Room,$32.61 ,,,,Workshop,Price Center
GBM #5,2/19/2025,Otterson Hall 1S114,$393.29 ,,,,GBM,North Campus
UNICEF Club GBM #4,2/20/2025,Price Center - Marshall College Room,$103.09 ,,,,GBM,Price Center
Guest Speaker Event -- Music and Memory @ UCSD,2/20/2025,Price Center - Warren College Room,$208.30 ,,,,Speaker,Price Center
Sustainability Workshop,2/20/2025,Bear Room,$105.46 ,,,,Workshop,Price Center
Ai Sphere Symposium,2/20/2025,Student Services Center - Conference Room 300,$171.32 ,,,,GBM,Student Services Center
Shifa: Doctor Guest Speaker,2/20/2025,PC Forum,$797.80 ,,,,Speaker,Price Center
Fireside Chat with Shield AI Founder (OFFICIAL EVENT),2/20/2025,Qualcomm Room,$592.63 ,,,,Speaker,Warren
Mentor Mentee Bonding,2/20/2025,Skaggs School of Pharmacy HSEC Classrooms 2&3,$39.80 ,,,,Social,Wong-Avery
Brush & Bond: IEEE x SWE Painting De-Stress,2/20/2025,Henry Booker Room,$98.53 ,,,,Social,Warren
SEA Club Candidate Speeches,2/21/2025,Vaughn 100,$263.99 ,,,,Speaker,Scripps
UNICEF Club GBM #3,2/21/2025,Price Center - Marshall College Room,$103.09 ,,,,GBM,Price Center
TSU Game Night,2/21/2025,Price Center Red Shoe Room,$148.75 ,,,,Social,Price Center
VGDC Alumni Panel,2/21/2025,CSE 1202,$772.67 ,,,,Speaker,Warren
Sudan Awareness Event,2/21/2025,Marshall College Room,$300.00 ,,,,Social,Price Center
IEEE QP Workathon 2,2/22/2025,Henry Booker Room,$242.44 ,,,,Competition,Warren
Masterclass featuring Jenny Asseff,2/22/2025,Price Center Dance Studio,$160.00 ,,,,Speaker,Price Center
Herencialanda,2/22/2025,Price Center Ballroom East,"$1,500.00 ",,,,Religion,Price Center
Varsity Vocals at International Championship of Collegiate A Cappella (@ Mandeville Auditorium at UC San Diego),2/22/2025,International Championship of Collegiate A Cappella (@ Mandeville Auditorium at UC San Diego),$400.00 ,,,,Competition,Mandeville Auditorium
HealthLink Ideation Program Week 8,2/24/2025,Franklin Antonio Hall IGE Space,$246.00 ,,,,Recruitment,Warren
TEDxUCSanDiego Salon 2025: Golden Hour,2/24/2025,Stage Room + Patio,$606.23 ,,,,Speaker,Mandeville Auditorium
ACM x WIC Make Clay Displays60,2/24/2025,Qualcomm Room,$247.83 ,,,,Workshop,Warren
Brush Pens,2/24/2025,Price Center Warren Rm,$501.51 ,,,,Social,Price Center
Graphite Week 8 GBM,2/24/2025,NSB Auditorium,$179.34 ,,,,GBM,Revelle
CSSA Workshop #4,2/25/2025,Price Center Red Shoe Room,$277.50 ,Not Found,,#REF!,Workshop,Price Center
HSI Banquet,2/27/2025,Student Center Huerta-Vera Cruz,$280.00 ,Not Found,,100.00%,Social,Mandeville Auditorium
